<?xml version="1.0" encoding="UTF-8"?>
<!DOCTYPE mapper PUBLIC "-//mybatis.org//DTD Mapper 3.0//EN" "http://mybatis.org/dtd/mybatis-3-mapper.dtd">
<mapper namespace="com.scm.db.CustomerMapper">

<!-- 명시적 매핑: resultMap 정의 -->
    <resultMap id="customerResultMap" type="com.scm.model.CustomerDTO">
        <result property="USER_ID" column="USER_ID"/>
        <result property="USER_NAME" column="USER_NAME"/>
        <result property="PASSWORD" column="PASSWORD"/>
        <result property="MOBILE" column="MOBILE"/>
        <result property="EMAIL" column="EMAIL"/>
    </resultMap>

<!-- 로그인 쿼리에서 resultMap 사용 -->
    <select id="login" parameterType="com.scm.model.CustomerDTO" resultMap="customerResultMap">
        SELECT * FROM CUSTOMER WHERE USER_ID = #{USER_ID} AND PASSWORD = #{PASSWORD}
    </select>

    <!-- 회원가입 -->
    <insert id="register" parameterType="com.scm.model.CustomerDTO">
        INSERT INTO CUSTOMER (USER_ID, USER_NAME, PASSWORD, MOBILE, EMAIL)
        VALUES (#{USER_ID}, #{USER_NAME}, #{PASSWORD}, #{MOBILE}, #{EMAIL})
    </insert>

    <!-- 회원 정보 수정 -->
    <update id="updateCustomer" parameterType="com.scm.model.CustomerDTO">
        UPDATE CUSTOMER
        SET 
            USER_NAME = #{USER_NAME},
            PASSWORD = #{PASSWORD},
            MOBILE = #{MOBILE},
            EMAIL = #{EMAIL}
        WHERE USER_ID = #{USER_ID}
    </update>

</mapper>